<?xml version="1.0" encoding="UTF-8"?>
<resources>
  <string name="About.AboutMessage">© 2020 Stingray Media Group. All rights reserved. STINGRAY®, QELLOTM CONCERTS BY STINGRAY® and other related marks and logos are trademarks of Stingray Media Group in Canada, the United States of America and/or other territories.</string>
  <string name="About.Title">About</string>
  <string name="About.Version">Version: %s</string>
  <string name="Account.AccountAndSettings">Account and Settings</string>
  <string name="Account.Email">Email Address</string>
  <string name="Account.Guest">Discovery Mode</string>
  <string name="Account.ManageAccount">Manage Account</string>
  <string name="Account.ManagePlan">Manage Plan</string>
  <string name="Account.NoSubscription">No Current Subscription</string>
  <string name="Account.PlanEnd">Your plan will end on\n%s</string>
  <string name="Account.PlanRenew">Your plan will automatically renew on\n%s</string>
  <string name="Account.PlanTitle">Subscription</string>
  <string name="Account.SubscribeText">Subscribe to get full access to \nQello Concerts</string>
  <string name="Account.Title">Account</string>
  <string name="BaseViewController.ErrorMessage">Something went wrong. Please retry.</string>
  <string name="BaseViewController.ErrorTitle">Uh oh!</string>
  <string name="BaseViewController.Retry">Retry</string>
  <string name="CommunicationPreferences.Accept">Yes, I Accept</string>
  <string name="CommunicationPreferences.Consent">My consent is sought by Stingray Group Inc. for itself and on behalf of its affiliates, Stingray Music USA Inc. and Stingray Digital International Limited. I will be able to withdraw such consent at any time.</string>
  <string name="CommunicationPreferences.ContactUs">Contact Us</string>
  <string name="CommunicationPreferences.Continue">Continue</string>
  <string name="CommunicationPreferences.Decline">No Thanks</string>
  <string name="CommunicationPreferences.Description">Would you like to be informed of special offers, promotions, contests and other news about Qello Concerts\' products and services?</string>
  <string name="CommunicationPreferences.Title">Communication Preferences</string>
  <string name="ContactUs.ContactByMail">or contact by mail:</string>
  <string name="ContactUs.EmailErrorMessage">Your device could not send e-mail. Please check e-mail configuration and try again.</string>
  <string name="ContactUs.EmailErrorTitle">Could Not Send Email</string>
  <string name="ContactUs.EmailText">qellosupport@stingray.com</string>
  <string name="ContactUs.OnlineHelpCenter">Online Help Center</string>
  <string name="ContactUs.PrivacyText">If you have any questions about the privacy aspects of Stingray’s products or services or would like to make a privacy complaint, please contact us by email: \n\nprivacy@stingray.com or by mail at the addresses above.</string>
  <!-- Contact Us privacy email that is included in the Full Text to use as link -->
  <string name="ContactUs.PrivateEmail">privacy@stingray.com</string>
  <!-- Contact Us  service email that is included in the Full Text to use as link -->
  <string name="ContactUs.ServiceEmail">qellosupport@stingray.com</string>
  <string name="ContactUs.StingrayAddressText">Stingray Group Inc.\n736 Wellington, Montreal,\nQuebec, Canada H3C 1T4</string>
  <string name="ContactUs.StingrayAddressTitle">Stingray Group Inc.</string>
  <string name="ContactUs.Title">Contact Us</string>
  <string name="CreateAccount.CreateButtonTitle">Continue</string>
  <string name="CreateAccount.EmailExist">This email is already in use. Try logging in.</string>
  <string name="CreateAccount.EmailHeader">Enter your email address</string>
  <string name="CreateAccount.EmailHint">Enter email address</string>
  <string name="CreateAccount.EmailInvalid">The email format is invalid</string>
  <string name="CreateAccount.GenericError">Unable to create your account. Try again later.</string>
  <string name="CreateAccount.Header">Create an account</string>
  <string name="CreateAccount.LegalText">By creating an account, you accept Stingray\'s Terms and Conditions and Privacy Policy.</string>
  <string name="CreateAccount.PasswordHint">Enter Password</string>
  <string name="CreateAccount.PasswordInvalid">A password needs at least 8 characters</string>
  <string name="CreateAccount.SubHeader">Start your 7-day FREE trial</string>
  <string name="Explore.DiscoverHeader">Discover</string>
  <string name="Explore.NoSearchResult">We couldn\'t find what you\'re looking for.\nPlease try again.</string>
  <string name="Explore.NoSearchResultTitle">Uh oh!</string>
  <string name="Explore.Search">Search</string>
  <string name="Explore.SearchPlaceholder">Artist, film title, song</string>
  <string name="Global.ApplicationName">Qello Concerts</string>
  <string name="Global.ButtonCancel">Cancel</string>
  <string name="Global.ButtonOk">OK</string>
  <string name="Global.Clear">Clear</string>
  <string name="Global.LogIn">Log In</string>
  <string name="Global.LogOut">Log Out</string>
  <string name="Global.More">More</string>
  <string name="Global.PrivacyPolicy">Privacy Policy</string>
  <string name="Global.SortArtistName">By Artist Name (AZ)</string>
  <string name="Global.SortConcertName">By Concert Name (AZ)</string>
  <string name="Global.SortRecent">Most Recently Added</string>
  <string name="Global.SortRecommended">Recommended</string>
  <string name="Global.SortYear">By Release Year (Newest)</string>
  <string name="Global.StartTrial">Start Free Trial</string>
  <string name="Global.SubmitButtonTitle">Submit</string>
  <string name="Global.TermsAndCondition">Terms and Conditions</string>
  <string name="Login.Continue">Continue</string>
  <string name="Login.EmailAddressHint">Email Address</string>
  <!-- A message shown to the user, if they decline the to give email permission. -->
  <string name="Login.FacebookMissingEmailPermissionMessage">In the interest of offering you the best customer service, we may exceptionally contact you. For this reason, please provide us with your email address.</string>
  <string name="Login.Fail">Log in failed. Try again later.</string>
  <!-- Message if the server can't validate correctly the email or password -->
  <string name="Login.InvalidCredential">Your credentials are invalid.</string>
  <string name="Login.LoginText">Log In</string>
  <string name="Login.PasswordHint">Password</string>
  <string name="Login.SeparatorText">- or -</string>
  <string name="MainPage.ExploreTab">Explore</string>
  <string name="MainPage.HomeTab">Home</string>
  <string name="MainPage.MyServiceTab">My Qello</string>
  <!-- Clear Favorite button label -->
  <string name="MyService.ClearFavorite">Clear Favorites</string>
  <!-- Clear history button label -->
  <string name="MyService.ClearHistory">Clear history</string>
  <string name="MyService.FavoriteEmptyMessage">Your favorites will appear here</string>
  <string name="MyService.FavoriteEmptyTitle">Empty Favorites</string>
  <string name="MyService.HistoryEmptyMessage">Your viewing history will appear here</string>
  <string name="MyService.HistoryEmptyTitle">Empty History</string>
  <string name="MyService.MyQello">My Qello</string>
  <string name="MyService.PlaylistEmptyMessage">Your setlists</string>
  <string name="MyService.PlaylistEmptyTitle">Clear Setlist</string>
  <string name="MyService.PromoText">Get ready for the encore.</string>
  <string name="ResetPassword.EmailNotExist">This email does not exist. Please create a new account.</string>
  <string name="ResetPassword.EmailSentMesage">An email has been sent. Please follow its instructions to reset your account password.</string>
  <string name="ResetPassword.PageSubTitle">Enter your email address and we\'ll send directions on how to reset your password.</string>
  <string name="ResetPassword.PageTitle">Password Reset</string>
  <string name="ResetPassword.ResetPasswordButtonTitle">Forgot your password?</string>
  <string name="Settings.About">About</string>
  <string name="Settings.AccountAndSettings">Account and Settings</string>
  <string name="Settings.ChangePreference">Change Preferences</string>
  <string name="Settings.CommunicationPreference">Communication Preferences</string>
  <string name="Settings.ContactUs">Contact Us</string>
  <string name="Settings.FAQ">FAQ</string>
  <string name="Settings.Login">Log In</string>
  <string name="Settings.Logout">Log Out</string>
  <string name="Settings.Notification">Notification</string>
  <string name="Settings.NotificationDescription">Receive notifications about new content</string>
  <string name="Settings.Settings">Settings</string>
  <string name="Settings.StartFreeTrial">Start Free Trial</string>
  <string name="Settings.Wifi">Wi-Fi</string>
  <string name="Settings.WiFiOnly">Play videos on Wi-Fi only</string>
  <string name="ShowScreen.AddToFavorite">Add to Favorites</string>
  <!-- number of minute of duration -->
  <string name="ShowScreen.Duration">%d min</string>
  <string name="ShowScreen.EmptyTrackList">Setlist is empty</string>
  <string name="ShowScreen.NumberOfTrackLabel">Tracks</string>
  <string name="ShowScreen.PlayAllButtonTitle">Play All</string>
  <string name="ShowScreen.PlayCompleteShow">Play Complete Show</string>
  <string name="ShowScreen.ReadMore">Read More</string>
  <string name="ShowScreen.RelatedMessage">You May Also Like</string>
  <string name="ShowScreen.RuntimeLabel">Runtime:</string>
  <!-- 1 is the title
2 is the artist -->
  <string name="ShowScreen.TitleAndArtist">%1$s by %2$s</string>
  <string name="ShowScreen.ViewRelated">View Related</string>
  <string name="ShowScreen.YearLabel">Year:</string>
  <string name="Splash.RefreshTokenError">Unable to load account</string>
  <string name="Splash.Retry">Retry</string>
  <string name="Splash.SessionExpired">Your session expired. Please log back in.</string>
  <string name="SubscribePrompt.Description">To enjoy full-length concerts, music documentaries, and live events, start your 7-day free trial now!</string>
  <string name="SubscribePrompt.FeatureLiveEvent">Access live events</string>
  <string name="SubscribePrompt.FeaturePlaylist">Customize setlists from your favorite concerts</string>
  <string name="SubscribePrompt.FeatureRecommendation">Discover personalized recommendations</string>
  <string name="SubscribePrompt.FeatureUnlimited">Watch unlimited concerts and music documentaries</string>
  <string name="SubscribePrompt.LogIn">Log In</string>
  <string name="SubscribePrompt.SubscribeNow">Subscribe Now</string>
  <string name="Subscription.Disclaimer">By selecting a plan, you accept the Terms and Conditions and Privacy Policy. By subscribing to Qello Concerts, you will obtain seven days for free. Your subscription will be charged at the end of the free period. Your monthly subscription will automatically renew unless you turn off the auto-renewal at least 24 hours before the end of the subscription on My Account &gt; Manage Subscription. Any unused portion of a free trial period, if offered, will be forfeited when the user purchases a subscription to that publication, where applicable. For more information about your subscription fees and renewals, please consult our Terms and Conditions.</string>
  <string name="Subscription.GenericErrorMessage">Error, try again later.</string>
  <!-- Shown to the user when they try to restore a purchase, but they never did, or the subscription is expired -->
  <string name="Subscription.NothingToRestore">There is no valid subscription to restore.</string>
  <string name="Subscription.PlaystoreUnreachable">Can\'t connect to the google play store. Make sure it\'s installed on your device and try again.</string>
  <!-- this text is beside the price of a subscription, if there is a free trial for it -->
  <string name="Subscription.ProductPriceWithTrial">per month after trial</string>
  <!-- Title for the user dialog when an error occurs -->
  <string name="Subscription.PurchaseError">Purchase Error</string>
  <!-- unable to validate the store purchase with our server -->
  <string name="Subscription.PurchaseValidationError">We can\'t validate your purchase. Please try Restore Purchase to try again.</string>
  <!-- button title to restore a purchase  -->
  <string name="Subscription.RestorePurchase">Restore Purchase</string>
  <!-- Title in subscription page -->
  <string name="Subscription.SelectPlan">Select a plan</string>
  <!-- Subscription Page. Text bellow the title -->
  <string name="Subscription.TitleComment">Continue enjoying Qello Concerts after your FREE trial ends.</string>
  <!-- we couldnt get the new userInfo after the purchase was successful, ask the user to restart the app. -->
  <string name="Subscription.UserInfoRefreshError">Your purchase was successful, but something is not quite right. Please restart the application.</string>
</resources>
